"","YEAR_","FIRE_NAME","aet_class"
"1",2013,"PFEIFFER","very dry"
"2",2016,"SOBERANES","very dry"
"3",2008,"GALLERY","very dry"
"4",2016,"LOMA","very dry"
"5",2017,"BEAR","very dry"
"6",2019,"KINCADE","very dry"
"7",2008,"MARTIN","very dry"
"8",2008,"SUMMIT","very dry"
"9",2009,"WILSON BRANCH 2","~mean aet"
"10",2020,"CZU LIGHTNING COMPLEX","~mean aet"
"11",2017,"TUBBS","~mean aet"
"12",2017,"NUNS","~mean aet"
"13",2023,"LOST","~mean aet"
"14",2003,"TUK","~mean aet"
"15",2020,"GLASS","~mean aet"
"16",2021,"ESTRADA","~mean aet"
"17",2020,"WALBRIDGE","~mean aet"
"18",2008,"SUGARLOAF","~mean aet"
"19",2009,"LOMA","~mean aet"
"20",2008,"CLIFF RIDGE","~mean aet"
"21",2017,"CHETCO BAR","~mean aet"
"22",2014,"LODGE","~mean aet"
"23",2003,"MOUSE TWO","~mean aet"
"24",2020,"MEYERS","~mean aet"
"25",2003,"CANOE","~mean aet"
"26",2008,"ORR SERIES","~mean aet"
"27",2008,"MIDDLE","very wet"
"28",2008,"COWSHED LIGHTNING","very wet"
"29",2008,"HARDY CREEK LIGHTNING","very wet"
"30",2005,"FISHER","very wet"
"31",2008,"LOW GAP","very wet"
"32",2008,"OSO","very wet"
"33",2012,"FLYNN","very wet"
"34",2008,"LOST PIPE","very wet"
"35",2008,"LITTLE JUAN CREEK MRC","very wet"
"36",2008,"WILLIAMS","very wet"
"37",2008,"NAVARRO","very wet"
"38",2008,"HORSE","very wet"
"39",2008,"TABLE MTN","very wet"
"40",2008,"INDIAN","very wet"
"41",2008,"JACKS","very wet"
