"","brnsv_t","year","fireyr","area_ha","ACCESS_TYP","PARK_NAME","MNG_AGNCY"
"45","low","2020","2020-CZU_LIGHTNING_COMPLEX",301,"Open Access","Big Basin Redwoods State Park","California Department of Parks and Recreation"
"46","high","2020","2020-CZU_LIGHTNING_COMPLEX",2817,"Open Access","Big Basin Redwoods State Park","California Department of Parks and Recreation"
"45.1","low","2020","2020-CZU_LIGHTNING_COMPLEX",469.2,"Open Access","Butano State Park","California Department of Parks and Recreation"
"46.1","high","2020","2020-CZU_LIGHTNING_COMPLEX",262.3,"Open Access","Butano State Park","California Department of Parks and Recreation"
"45.2","low","2020","2020-CZU_LIGHTNING_COMPLEX",478.8,"Open Access","Henry Cowell Redwoods State Park","California Department of Parks and Recreation"
"46.2","high","2020","2020-CZU_LIGHTNING_COMPLEX",103.2,"Open Access","Henry Cowell Redwoods State Park","California Department of Parks and Recreation"
"1","low","2003","2003-CANOE",463.9,"Open Access","Humboldt Redwoods State Park","California Department of Parks and Recreation"
"2","high","2003","2003-CANOE",70.9,"Open Access","Humboldt Redwoods State Park","California Department of Parks and Recreation"
"21","low","2008","2008-ORR_SERIES",17.8,"Open Access","Montgomery Woods State Natural Reserve","California Department of Parks and Recreation"
"22","high","2008","2008-ORR_SERIES",0.3,"Open Access","Montgomery Woods State Natural Reserve","California Department of Parks and Recreation"
"45.3","low","2020","2020-CZU_LIGHTNING_COMPLEX",0.5,"Open Access","Portola Redwoods State Park","California Department of Parks and Recreation"
"39","low","2017","2017-NUNS",1.7,"Open Access","Sugarloaf Ridge State Park","California Department of Parks and Recreation"
"40","high","2017","2017-NUNS",1.8,"Open Access","Sugarloaf Ridge State Park","California Department of Parks and Recreation"
"45.4","low","2020","2020-CZU_LIGHTNING_COMPLEX",85.6,"Open Access","Wilder Ranch State Park","California Department of Parks and Recreation"
"46.3","high","2020","2020-CZU_LIGHTNING_COMPLEX",16,"Open Access","Wilder Ranch State Park","California Department of Parks and Recreation"
"47","low","2020","2020-MEYERS",17.7,"Open Access","Fort Ross State Historic Park","California Department of Parks and Recreation"
"48","high","2020","2020-MEYERS",2.1,"Open Access","Fort Ross State Historic Park","California Department of Parks and Recreation"
"45.5","low","2020","2020-CZU_LIGHTNING_COMPLEX",484.7,"Open Access","Pescadero Creek Park","San Mateo County Parks and Recreation Dept., County of"
"46.4","high","2020","2020-CZU_LIGHTNING_COMPLEX",107.1,"Open Access","Pescadero Creek Park","San Mateo County Parks and Recreation Dept., County of"
"49","low","2020","2020-WALBRIDGE",0.2,"Open Access","Lake Sonoma Recreation Area","United States Army Corps of Engineers"
"5","low","2003","2003-TUK",46.5,"Open Access","Redwood National Park","United States National Park Service"
"6","high","2003","2003-TUK",5.1,"Open Access","Redwood National Park","United States National Park Service"
"53","low","2023","2023-LOST",161,"Open Access","Redwood National Park","United States National Park Service"
"54","high","2023","2023-LOST",2.9,"Open Access","Redwood National Park","United States National Park Service"
"33","low","2014","2014-LODGE",16.2,"Restricted Access","Angelo Coast Range Reserve","University of California"
"34","high","2014","2014-LODGE",0.7,"Restricted Access","Angelo Coast Range Reserve","University of California"
"17","low","2008","2008-MARTIN",0.6,"No Public Access","Big Basin Cemex","Living Landscape Initiative Partners"
"45.6","low","2020","2020-CZU_LIGHTNING_COMPLEX",66.6,"No Public Access","Big Basin Cemex","Living Landscape Initiative Partners"
"46.5","high","2020","2020-CZU_LIGHTNING_COMPLEX",10.3,"No Public Access","Big Basin Cemex","Living Landscape Initiative Partners"
"21.1","low","2008","2008-ORR_SERIES",61.9,"Open Access","BLM","United States Bureau of Land Management"
"22.1","high","2008","2008-ORR_SERIES",1.2,"Open Access","BLM","United States Bureau of Land Management"
"33.1","low","2014","2014-LODGE",74.8,"Open Access","BLM","United States Bureau of Land Management"
"34.1","high","2014","2014-LODGE",0.4,"Open Access","BLM","United States Bureau of Land Management"
"39.1","low","2017","2017-NUNS",0.3,"Open Access","BLM","United States Bureau of Land Management"
"45.7","low","2020","2020-CZU_LIGHTNING_COMPLEX",6.5,"Open Access","BLM","United States Bureau of Land Management"
"46.6","high","2020","2020-CZU_LIGHTNING_COMPLEX",4.3,"Open Access","BLM","United States Bureau of Land Management"
"49.1","low","2020","2020-WALBRIDGE",3.2,"Open Access","BLM","United States Bureau of Land Management"
"45.8","low","2020","2020-CZU_LIGHTNING_COMPLEX",5,"Restricted Access","Butano Crest West","Peninsula Open Space Trust"
"46.7","high","2020","2020-CZU_LIGHTNING_COMPLEX",37.4,"Restricted Access","Butano Crest West","Peninsula Open Space Trust"
"17.1","low","2008","2008-MARTIN",0.7,"Restricted Access","City Open Space","Santa Cruz, City of"
"18","high","2008","2008-MARTIN",0,"Restricted Access","City Open Space","Santa Cruz, City of"
"45.9","low","2020","2020-CZU_LIGHTNING_COMPLEX",41.4,"Restricted Access","City Open Space","Santa Cruz, City of"
"46.8","high","2020","2020-CZU_LIGHTNING_COMPLEX",5.7,"Restricted Access","City Open Space","Santa Cruz, City of"
"46.9","high","2020","2020-CZU_LIGHTNING_COMPLEX",1.4,"Restricted Access","Cobb/Mahoney","Sempervirens Fund"
"45.10","low","2020","2020-CZU_LIGHTNING_COMPLEX",13.7,"Restricted Access","Fall Creek","Sempervirens Fund"
"46.10","high","2020","2020-CZU_LIGHTNING_COMPLEX",2.7,"Restricted Access","Griffith","Sempervirens Fund"
"46.11","high","2020","2020-CZU_LIGHTNING_COMPLEX",0,"Restricted Access","Katz","Sempervirens Fund"
"45.11","low","2020","2020-CZU_LIGHTNING_COMPLEX",1,"Restricted Access","Krvavica","Sempervirens Fund"
"46.12","high","2020","2020-CZU_LIGHTNING_COMPLEX",4.9,"Restricted Access","Krvavica","Sempervirens Fund"
"45.12","low","2020","2020-CZU_LIGHTNING_COMPLEX",1.2,"Restricted Access","Lachenbruch","Sempervirens Fund"
"46.13","high","2020","2020-CZU_LIGHTNING_COMPLEX",20.8,"Restricted Access","Lachenbruch","Sempervirens Fund"
"45.13","low","2020","2020-CZU_LIGHTNING_COMPLEX",17,"Restricted Access","Minton","Sempervirens Fund"
"46.14","high","2020","2020-CZU_LIGHTNING_COMPLEX",12.8,"Restricted Access","Minton","Sempervirens Fund"
"45.14","low","2020","2020-CZU_LIGHTNING_COMPLEX",0.6,"Open Access","Other State 38","Other State"
"46.15","high","2020","2020-CZU_LIGHTNING_COMPLEX",8,"Open Access","Other State 38","Other State"
"41","low","2017","2017-TUBBS",0,"Restricted Access","Pepperwood Ranch Natural Preserve","California Academy of Sciences"
"43","low","2019","2019-KINCADE",0.1,"Restricted Access","Pepperwood Ranch Natural Preserve","California Academy of Sciences"
"49.2","low","2020","2020-WALBRIDGE",4.5,"Restricted Access","Riddell Preserve","LandPaths"
"45.15","low","2020","2020-CZU_LIGHTNING_COMPLEX",0,"Open Access","Rose","Sempervirens Fund"
"46.16","high","2020","2020-CZU_LIGHTNING_COMPLEX",4.8,"Open Access","Rose","Sempervirens Fund"
"45.16","low","2020","2020-CZU_LIGHTNING_COMPLEX",285.7,"Restricted Access","San Lorenzo Valley Water District","San Lorenzo Valley Water District"
"46.17","high","2020","2020-CZU_LIGHTNING_COMPLEX",121,"Restricted Access","San Lorenzo Valley Water District","San Lorenzo Valley Water District"
"45.17","low","2020","2020-CZU_LIGHTNING_COMPLEX",0,"Restricted Access","Santos","Sempervirens Fund"
"46.18","high","2020","2020-CZU_LIGHTNING_COMPLEX",2,"Restricted Access","Santos","Sempervirens Fund"
"45.18","low","2020","2020-CZU_LIGHTNING_COMPLEX",33.8,"No Public Access","Swanton Pacific Ranch","California State University"
"46.19","high","2020","2020-CZU_LIGHTNING_COMPLEX",95.9,"No Public Access","Swanton Pacific Ranch","California State University"
"46.20","high","2020","2020-CZU_LIGHTNING_COMPLEX",1.3,"Restricted Access","Welden","Sempervirens Fund"
"45.19","low","2020","2020-CZU_LIGHTNING_COMPLEX",60.5,"Open Access","Año Nuevo State Park","California Department of Parks and Recreation"
"46.21","high","2020","2020-CZU_LIGHTNING_COMPLEX",155.4,"Open Access","Año Nuevo State Park","California Department of Parks and Recreation"
"27","low","2008","2008-SUMMIT",9.3,"Open Access","Unnamed site - Watsonville, City of","Watsonville, City of"
"51","low","2021","2021-ESTRADA",7.6,"No Public Access","Mount Madonna County Park","Santa Clara County Parks and Recreation Dept., County of"
"29","low","2009","2009-LOMA",9.9,"No Public Access","Sierra Azul Open Space Preserve","Midpeninsula Regional Open Space District"
"30","high","2009","2009-LOMA",2,"No Public Access","Sierra Azul Open Space Preserve","Midpeninsula Regional Open Space District"
"45.20","low","2020","2020-CZU_LIGHTNING_COMPLEX",18.1,"No Public Access","Carlsen Property","Peninsula Open Space Trust"
"46.22","high","2020","2020-CZU_LIGHTNING_COMPLEX",7,"No Public Access","Carlsen Property","Peninsula Open Space Trust"
"45.21","low","2020","2020-CZU_LIGHTNING_COMPLEX",541.3,"No Public Access","San Vicente Redwoods (CEMEX)","Peninsula Open Space Trust"
"46.23","high","2020","2020-CZU_LIGHTNING_COMPLEX",1010.4,"No Public Access","San Vicente Redwoods (CEMEX)","Peninsula Open Space Trust"
"49.3","low","2020","2020-WALBRIDGE",13.7,"Open Access","Austin Creek State Recreation Area","Stewards of the Coast and Redwoods"
"50","high","2020","2020-WALBRIDGE",11.6,"Open Access","Austin Creek State Recreation Area","Stewards of the Coast and Redwoods"
"45.22","low","2020","2020-CZU_LIGHTNING_COMPLEX",31.8,"Restricted Access","Sinnott","Sempervirens Fund"
"46.24","high","2020","2020-CZU_LIGHTNING_COMPLEX",7.6,"Restricted Access","Sinnott","Sempervirens Fund"
"39.2","low","2017","2017-NUNS",32,"Restricted Access","Archer Taylor Preserve","Land Trust of Napa County"
"40.1","high","2017","2017-NUNS",3.8,"Restricted Access","Archer Taylor Preserve","Land Trust of Napa County"
"39.3","low","2017","2017-NUNS",5.9,"No Public Access","Amy's Grove","Napa County Regional Park and Open Space District"
"49.4","low","2020","2020-WALBRIDGE",11.2,"Open Access","Armstrong Redwoods State Natural Reserve","California Department of Parks and Recreation"
"50.1","high","2020","2020-WALBRIDGE",0.1,"Open Access","Armstrong Redwoods State Natural Reserve","California Department of Parks and Recreation"
"41.1","low","2017","2017-TUBBS",3.8,"Open Access","Shiloh Ranch Regional Park","Sonoma County Regional Parks Dept., County of"
"17.2","low","2008","2008-MARTIN",4,"Open Access","Bonny Doon Ecological Reserve","California Department of Fish and Wildlife"
"18.1","high","2008","2008-MARTIN",15.5,"Open Access","Bonny Doon Ecological Reserve","California Department of Fish and Wildlife"
"45.23","low","2020","2020-CZU_LIGHTNING_COMPLEX",28.7,"Open Access","Bonny Doon Ecological Reserve","California Department of Fish and Wildlife"
"46.25","high","2020","2020-CZU_LIGHTNING_COMPLEX",1.6,"Open Access","Bonny Doon Ecological Reserve","California Department of Fish and Wildlife"
"45.24","low","2020","2020-CZU_LIGHTNING_COMPLEX",24.3,"No Public Access","Filice Ranch","Peninsula Open Space Trust"
"46.26","high","2020","2020-CZU_LIGHTNING_COMPLEX",23.6,"No Public Access","Filice Ranch","Peninsula Open Space Trust"
"45.25","low","2020","2020-CZU_LIGHTNING_COMPLEX",3.3,"Restricted Access","Bigler","Sempervirens Fund"
"46.27","high","2020","2020-CZU_LIGHTNING_COMPLEX",35.9,"Restricted Access","Bigler","Sempervirens Fund"
"39.4","low","2017","2017-NUNS",18.3,"Open Access","Trione-Annadel State Park","California Department of Parks and Recreation"
"40.2","high","2017","2017-NUNS",4.3,"Open Access","Trione-Annadel State Park","California Department of Parks and Recreation"
"45.26","low","2020","2020-CZU_LIGHTNING_COMPLEX",61.1,"Restricted Access","California Coastal National Monument","United States Bureau of Land Management"
"46.28","high","2020","2020-CZU_LIGHTNING_COMPLEX",3,"Restricted Access","California Coastal National Monument","United States Bureau of Land Management"
"41.2","low","2017","2017-TUBBS",4.8,"Restricted Access","Mark West Creek Regional Park & Open Space Preserve","Sonoma County Regional Parks Dept., County of"
"42","high","2017","2017-TUBBS",18.6,"Restricted Access","Mark West Creek Regional Park & Open Space Preserve","Sonoma County Regional Parks Dept., County of"
"33.2","low","2014","2014-LODGE",39.1,"No Public Access","Usal Redwood Forest","Redwood Forest Foundation"
"34.2","high","2014","2014-LODGE",0.2,"No Public Access","Usal Redwood Forest","Redwood Forest Foundation"
"51.1","low","2021","2021-ESTRADA",10.6,"No Public Access","Estrada Ranch","Peninsula Open Space Trust"
"52","high","2021","2021-ESTRADA",1,"No Public Access","Estrada Ranch","Peninsula Open Space Trust"
"45.27","low","2020","2020-CZU_LIGHTNING_COMPLEX",13,"Restricted Access","Gazos Creek Redwoods","Sempervirens Fund"
"46.29","high","2020","2020-CZU_LIGHTNING_COMPLEX",85.5,"Restricted Access","Gazos Creek Redwoods","Sempervirens Fund"
