"","year","fireyr","area_ha","burnsev","asp_class","ACCESS_TYP","PARK_NAME","MNG_AGNCY"
"45","2020","2020-CZU_LIGHTNING_COMPLEX",148.9,"low","NE","Open Access","Big Basin Redwoods State Park","California Department of Parks and Recreation"
"46","2020","2020-CZU_LIGHTNING_COMPLEX",1017.8,"high","NE","Open Access","Big Basin Redwoods State Park","California Department of Parks and Recreation"
"45.1","2020","2020-CZU_LIGHTNING_COMPLEX",117.1,"low","SW","Open Access","Big Basin Redwoods State Park","California Department of Parks and Recreation"
"46.1","2020","2020-CZU_LIGHTNING_COMPLEX",1275.4,"high","SW","Open Access","Big Basin Redwoods State Park","California Department of Parks and Recreation"
"45.2","2020","2020-CZU_LIGHTNING_COMPLEX",164.3,"low","NE","Open Access","Butano State Park","California Department of Parks and Recreation"
"46.2","2020","2020-CZU_LIGHTNING_COMPLEX",55.3,"high","NE","Open Access","Butano State Park","California Department of Parks and Recreation"
"45.1.1","2020","2020-CZU_LIGHTNING_COMPLEX",231.5,"low","SW","Open Access","Butano State Park","California Department of Parks and Recreation"
"46.1.1","2020","2020-CZU_LIGHTNING_COMPLEX",172.1,"high","SW","Open Access","Butano State Park","California Department of Parks and Recreation"
"45.3","2020","2020-CZU_LIGHTNING_COMPLEX",257.9,"low","NE","Open Access","Henry Cowell Redwoods State Park","California Department of Parks and Recreation"
"46.3","2020","2020-CZU_LIGHTNING_COMPLEX",77.9,"high","NE","Open Access","Henry Cowell Redwoods State Park","California Department of Parks and Recreation"
"45.1.2","2020","2020-CZU_LIGHTNING_COMPLEX",131.1,"low","SW","Open Access","Henry Cowell Redwoods State Park","California Department of Parks and Recreation"
"46.1.2","2020","2020-CZU_LIGHTNING_COMPLEX",18.9,"high","SW","Open Access","Henry Cowell Redwoods State Park","California Department of Parks and Recreation"
"1","2003","2003-CANOE",227.1,"low","NE","Open Access","Humboldt Redwoods State Park","California Department of Parks and Recreation"
"2","2003","2003-CANOE",31.4,"high","NE","Open Access","Humboldt Redwoods State Park","California Department of Parks and Recreation"
"1.1","2003","2003-CANOE",162.9,"low","SW","Open Access","Humboldt Redwoods State Park","California Department of Parks and Recreation"
"2.1","2003","2003-CANOE",24,"high","SW","Open Access","Humboldt Redwoods State Park","California Department of Parks and Recreation"
"21","2008","2008-ORR_SERIES",0.8,"low","NE","Open Access","Montgomery Woods State Natural Reserve","California Department of Parks and Recreation"
"21.1","2008","2008-ORR_SERIES",1.3,"low","SW","Open Access","Montgomery Woods State Natural Reserve","California Department of Parks and Recreation"
"22.1","2008","2008-ORR_SERIES",0,"high","SW","Open Access","Montgomery Woods State Natural Reserve","California Department of Parks and Recreation"
"39","2017","2017-NUNS",0.1,"low","NE","Open Access","Sugarloaf Ridge State Park","California Department of Parks and Recreation"
"40","2017","2017-NUNS",0.7,"high","NE","Open Access","Sugarloaf Ridge State Park","California Department of Parks and Recreation"
"45.4","2020","2020-CZU_LIGHTNING_COMPLEX",16,"low","NE","Open Access","Wilder Ranch State Park","California Department of Parks and Recreation"
"46.4","2020","2020-CZU_LIGHTNING_COMPLEX",2.2,"high","NE","Open Access","Wilder Ranch State Park","California Department of Parks and Recreation"
"45.1.3","2020","2020-CZU_LIGHTNING_COMPLEX",28.8,"low","SW","Open Access","Wilder Ranch State Park","California Department of Parks and Recreation"
"46.1.3","2020","2020-CZU_LIGHTNING_COMPLEX",5.9,"high","SW","Open Access","Wilder Ranch State Park","California Department of Parks and Recreation"
"47","2020","2020-MEYERS",2.9,"low","NE","Open Access","Fort Ross State Historic Park","California Department of Parks and Recreation"
"48","2020","2020-MEYERS",0.1,"high","NE","Open Access","Fort Ross State Historic Park","California Department of Parks and Recreation"
"47.1","2020","2020-MEYERS",10,"low","SW","Open Access","Fort Ross State Historic Park","California Department of Parks and Recreation"
"48.1","2020","2020-MEYERS",1.3,"high","SW","Open Access","Fort Ross State Historic Park","California Department of Parks and Recreation"
"45.5","2020","2020-CZU_LIGHTNING_COMPLEX",409.8,"low","NE","Open Access","Pescadero Creek Park","San Mateo County Parks and Recreation Dept., County of"
"46.5","2020","2020-CZU_LIGHTNING_COMPLEX",62.6,"high","NE","Open Access","Pescadero Creek Park","San Mateo County Parks and Recreation Dept., County of"
"45.1.4","2020","2020-CZU_LIGHTNING_COMPLEX",55.7,"low","SW","Open Access","Pescadero Creek Park","San Mateo County Parks and Recreation Dept., County of"
"46.1.4","2020","2020-CZU_LIGHTNING_COMPLEX",23.3,"high","SW","Open Access","Pescadero Creek Park","San Mateo County Parks and Recreation Dept., County of"
"33","2014","2014-LODGE",7,"low","NE","Restricted Access","Angelo Coast Range Reserve","University of California"
"34","2014","2014-LODGE",0,"high","NE","Restricted Access","Angelo Coast Range Reserve","University of California"
"33.1","2014","2014-LODGE",0,"low","SW","Restricted Access","Angelo Coast Range Reserve","University of California"
"45.6","2020","2020-CZU_LIGHTNING_COMPLEX",21.2,"low","NE","No Public Access","Big Basin Cemex","Living Landscape Initiative Partners"
"46.6","2020","2020-CZU_LIGHTNING_COMPLEX",0.4,"high","NE","No Public Access","Big Basin Cemex","Living Landscape Initiative Partners"
"17.1","2008","2008-MARTIN",0.4,"low","SW","No Public Access","Big Basin Cemex","Living Landscape Initiative Partners"
"45.1.5","2020","2020-CZU_LIGHTNING_COMPLEX",27.6,"low","SW","No Public Access","Big Basin Cemex","Living Landscape Initiative Partners"
"46.1.5","2020","2020-CZU_LIGHTNING_COMPLEX",8.6,"high","SW","No Public Access","Big Basin Cemex","Living Landscape Initiative Partners"
"33.2","2014","2014-LODGE",6.7,"low","NE","Open Access","BLM","United States Bureau of Land Management"
"45.7","2020","2020-CZU_LIGHTNING_COMPLEX",3,"low","NE","Open Access","BLM","United States Bureau of Land Management"
"46.7","2020","2020-CZU_LIGHTNING_COMPLEX",1.6,"high","NE","Open Access","BLM","United States Bureau of Land Management"
"49","2020","2020-WALBRIDGE",0.8,"low","NE","Open Access","BLM","United States Bureau of Land Management"
"21.1.1","2008","2008-ORR_SERIES",7.5,"low","SW","Open Access","BLM","United States Bureau of Land Management"
"22.1.1","2008","2008-ORR_SERIES",1.1,"high","SW","Open Access","BLM","United States Bureau of Land Management"
"33.1.1","2014","2014-LODGE",38.6,"low","SW","Open Access","BLM","United States Bureau of Land Management"
"34.1","2014","2014-LODGE",0,"high","SW","Open Access","BLM","United States Bureau of Land Management"
"46.1.6","2020","2020-CZU_LIGHTNING_COMPLEX",1.5,"high","SW","Open Access","BLM","United States Bureau of Land Management"
"45.8","2020","2020-CZU_LIGHTNING_COMPLEX",2.1,"low","NE","Restricted Access","Butano Crest West","Peninsula Open Space Trust"
"46.8","2020","2020-CZU_LIGHTNING_COMPLEX",12,"high","NE","Restricted Access","Butano Crest West","Peninsula Open Space Trust"
"45.1.6","2020","2020-CZU_LIGHTNING_COMPLEX",2,"low","SW","Restricted Access","Butano Crest West","Peninsula Open Space Trust"
"46.1.7","2020","2020-CZU_LIGHTNING_COMPLEX",18.3,"high","SW","Restricted Access","Butano Crest West","Peninsula Open Space Trust"
"17","2008","2008-MARTIN",0.5,"low","NE","Restricted Access","City Open Space","Santa Cruz, City of"
"45.9","2020","2020-CZU_LIGHTNING_COMPLEX",11.1,"low","NE","Restricted Access","City Open Space","Santa Cruz, City of"
"46.9","2020","2020-CZU_LIGHTNING_COMPLEX",1.4,"high","NE","Restricted Access","City Open Space","Santa Cruz, City of"
"45.1.7","2020","2020-CZU_LIGHTNING_COMPLEX",24,"low","SW","Restricted Access","City Open Space","Santa Cruz, City of"
"46.1.8","2020","2020-CZU_LIGHTNING_COMPLEX",3.7,"high","SW","Restricted Access","City Open Space","Santa Cruz, City of"
"46.10","2020","2020-CZU_LIGHTNING_COMPLEX",0.1,"high","NE","Restricted Access","Cobb/Mahoney","Sempervirens Fund"
"46.1.9","2020","2020-CZU_LIGHTNING_COMPLEX",0.2,"high","SW","Restricted Access","Cobb/Mahoney","Sempervirens Fund"
"45.10","2020","2020-CZU_LIGHTNING_COMPLEX",7.1,"low","NE","Restricted Access","Fall Creek","Sempervirens Fund"
"45.1.8","2020","2020-CZU_LIGHTNING_COMPLEX",6.6,"low","SW","Restricted Access","Fall Creek","Sempervirens Fund"
"46.11","2020","2020-CZU_LIGHTNING_COMPLEX",1.6,"high","NE","Restricted Access","Griffith","Sempervirens Fund"
"46.1.10","2020","2020-CZU_LIGHTNING_COMPLEX",1.1,"high","SW","Restricted Access","Griffith","Sempervirens Fund"
"46.12","2020","2020-CZU_LIGHTNING_COMPLEX",0,"high","NE","Restricted Access","Katz","Sempervirens Fund"
"46.1.11","2020","2020-CZU_LIGHTNING_COMPLEX",0,"high","SW","Restricted Access","Katz","Sempervirens Fund"
"45.11","2020","2020-CZU_LIGHTNING_COMPLEX",0.7,"low","NE","Restricted Access","Krvavica","Sempervirens Fund"
"46.13","2020","2020-CZU_LIGHTNING_COMPLEX",0.2,"high","NE","Restricted Access","Krvavica","Sempervirens Fund"
"45.1.9","2020","2020-CZU_LIGHTNING_COMPLEX",0.2,"low","SW","Restricted Access","Krvavica","Sempervirens Fund"
"46.1.12","2020","2020-CZU_LIGHTNING_COMPLEX",3.1,"high","SW","Restricted Access","Krvavica","Sempervirens Fund"
"45.12","2020","2020-CZU_LIGHTNING_COMPLEX",1.1,"low","NE","Restricted Access","Lachenbruch","Sempervirens Fund"
"46.14","2020","2020-CZU_LIGHTNING_COMPLEX",9.8,"high","NE","Restricted Access","Lachenbruch","Sempervirens Fund"
"45.1.10","2020","2020-CZU_LIGHTNING_COMPLEX",0.2,"low","SW","Restricted Access","Lachenbruch","Sempervirens Fund"
"46.1.13","2020","2020-CZU_LIGHTNING_COMPLEX",8.3,"high","SW","Restricted Access","Lachenbruch","Sempervirens Fund"
"45.13","2020","2020-CZU_LIGHTNING_COMPLEX",13.3,"low","NE","Restricted Access","Minton","Sempervirens Fund"
"46.15","2020","2020-CZU_LIGHTNING_COMPLEX",8.3,"high","NE","Restricted Access","Minton","Sempervirens Fund"
"45.1.11","2020","2020-CZU_LIGHTNING_COMPLEX",3.3,"low","SW","Restricted Access","Minton","Sempervirens Fund"
"46.1.14","2020","2020-CZU_LIGHTNING_COMPLEX",0.6,"high","SW","Restricted Access","Minton","Sempervirens Fund"
"46.16","2020","2020-CZU_LIGHTNING_COMPLEX",0.7,"high","NE","Open Access","Other State 38","Other State"
"45.1.12","2020","2020-CZU_LIGHTNING_COMPLEX",0,"low","SW","Open Access","Other State 38","Other State"
"46.1.15","2020","2020-CZU_LIGHTNING_COMPLEX",6.6,"high","SW","Open Access","Other State 38","Other State"
"43","2019","2019-KINCADE",0,"low","NE","Restricted Access","Pepperwood Ranch Natural Preserve","California Academy of Sciences"
"49.2","2020","2020-WALBRIDGE",1.9,"low","NE","Restricted Access","Riddell Preserve","LandPaths"
"46.17","2020","2020-CZU_LIGHTNING_COMPLEX",0.2,"high","NE","Open Access","Rose","Sempervirens Fund"
"46.1.16","2020","2020-CZU_LIGHTNING_COMPLEX",3.4,"high","SW","Open Access","Rose","Sempervirens Fund"
"45.14","2020","2020-CZU_LIGHTNING_COMPLEX",247.5,"low","NE","Restricted Access","San Lorenzo Valley Water District","San Lorenzo Valley Water District"
"46.18","2020","2020-CZU_LIGHTNING_COMPLEX",104.2,"high","NE","Restricted Access","San Lorenzo Valley Water District","San Lorenzo Valley Water District"
"45.1.13","2020","2020-CZU_LIGHTNING_COMPLEX",30.3,"low","SW","Restricted Access","San Lorenzo Valley Water District","San Lorenzo Valley Water District"
"46.1.17","2020","2020-CZU_LIGHTNING_COMPLEX",14.2,"high","SW","Restricted Access","San Lorenzo Valley Water District","San Lorenzo Valley Water District"
"45.15","2020","2020-CZU_LIGHTNING_COMPLEX",0,"low","NE","Restricted Access","Santos","Sempervirens Fund"
"46.19","2020","2020-CZU_LIGHTNING_COMPLEX",0.3,"high","NE","Restricted Access","Santos","Sempervirens Fund"
"46.1.18","2020","2020-CZU_LIGHTNING_COMPLEX",0.2,"high","SW","Restricted Access","Santos","Sempervirens Fund"
"45.16","2020","2020-CZU_LIGHTNING_COMPLEX",16.1,"low","NE","No Public Access","Swanton Pacific Ranch","California State University"
"46.20","2020","2020-CZU_LIGHTNING_COMPLEX",38.9,"high","NE","No Public Access","Swanton Pacific Ranch","California State University"
"45.1.14","2020","2020-CZU_LIGHTNING_COMPLEX",2.1,"low","SW","No Public Access","Swanton Pacific Ranch","California State University"
"46.1.19","2020","2020-CZU_LIGHTNING_COMPLEX",30.6,"high","SW","No Public Access","Swanton Pacific Ranch","California State University"
"45.17","2020","2020-CZU_LIGHTNING_COMPLEX",12.7,"low","NE","Open Access","Año Nuevo State Park","California Department of Parks and Recreation"
"46.21","2020","2020-CZU_LIGHTNING_COMPLEX",45.2,"high","NE","Open Access","Año Nuevo State Park","California Department of Parks and Recreation"
"45.1.15","2020","2020-CZU_LIGHTNING_COMPLEX",17.2,"low","SW","Open Access","Año Nuevo State Park","California Department of Parks and Recreation"
"46.1.20","2020","2020-CZU_LIGHTNING_COMPLEX",81.7,"high","SW","Open Access","Año Nuevo State Park","California Department of Parks and Recreation"
"45.18","2020","2020-CZU_LIGHTNING_COMPLEX",2.4,"low","NE","No Public Access","Carlsen Property","Peninsula Open Space Trust"
"45.1.16","2020","2020-CZU_LIGHTNING_COMPLEX",15.4,"low","SW","No Public Access","Carlsen Property","Peninsula Open Space Trust"
"46.1.21","2020","2020-CZU_LIGHTNING_COMPLEX",6.4,"high","SW","No Public Access","Carlsen Property","Peninsula Open Space Trust"
"45.19","2020","2020-CZU_LIGHTNING_COMPLEX",200,"low","NE","No Public Access","San Vicente Redwoods (CEMEX)","Peninsula Open Space Trust"
"46.22","2020","2020-CZU_LIGHTNING_COMPLEX",295.4,"high","NE","No Public Access","San Vicente Redwoods (CEMEX)","Peninsula Open Space Trust"
"45.1.17","2020","2020-CZU_LIGHTNING_COMPLEX",291,"low","SW","No Public Access","San Vicente Redwoods (CEMEX)","Peninsula Open Space Trust"
"46.1.22","2020","2020-CZU_LIGHTNING_COMPLEX",610.5,"high","SW","No Public Access","San Vicente Redwoods (CEMEX)","Peninsula Open Space Trust"
"49.3","2020","2020-WALBRIDGE",5.2,"low","NE","Open Access","Austin Creek State Recreation Area","Stewards of the Coast and Redwoods"
"50","2020","2020-WALBRIDGE",3.7,"high","NE","Open Access","Austin Creek State Recreation Area","Stewards of the Coast and Redwoods"
"49.1","2020","2020-WALBRIDGE",0.8,"low","SW","Open Access","Austin Creek State Recreation Area","Stewards of the Coast and Redwoods"
"50.1","2020","2020-WALBRIDGE",2.1,"high","SW","Open Access","Austin Creek State Recreation Area","Stewards of the Coast and Redwoods"
"45.20","2020","2020-CZU_LIGHTNING_COMPLEX",9.4,"low","NE","Restricted Access","Sinnott","Sempervirens Fund"
"46.23","2020","2020-CZU_LIGHTNING_COMPLEX",0.4,"high","NE","Restricted Access","Sinnott","Sempervirens Fund"
"45.1.18","2020","2020-CZU_LIGHTNING_COMPLEX",14.3,"low","SW","Restricted Access","Sinnott","Sempervirens Fund"
"46.1.23","2020","2020-CZU_LIGHTNING_COMPLEX",5.1,"high","SW","Restricted Access","Sinnott","Sempervirens Fund"
"39.2","2017","2017-NUNS",8,"low","NE","Restricted Access","Archer Taylor Preserve","Land Trust of Napa County"
"40.2","2017","2017-NUNS",0,"high","NE","Restricted Access","Archer Taylor Preserve","Land Trust of Napa County"
"39.1","2017","2017-NUNS",15.9,"low","SW","Restricted Access","Archer Taylor Preserve","Land Trust of Napa County"
"40.1","2017","2017-NUNS",0.8,"high","SW","Restricted Access","Archer Taylor Preserve","Land Trust of Napa County"
"39.3","2017","2017-NUNS",3.7,"low","NE","No Public Access","Amy's Grove","Napa County Regional Park and Open Space District"
"49.4","2020","2020-WALBRIDGE",5.1,"low","NE","Open Access","Armstrong Redwoods State Natural Reserve","California Department of Parks and Recreation"
"49.1.1","2020","2020-WALBRIDGE",2.8,"low","SW","Open Access","Armstrong Redwoods State Natural Reserve","California Department of Parks and Recreation"
"50.1.1","2020","2020-WALBRIDGE",0.1,"high","SW","Open Access","Armstrong Redwoods State Natural Reserve","California Department of Parks and Recreation"
"41","2017","2017-TUBBS",0.9,"low","NE","Open Access","Shiloh Ranch Regional Park","Sonoma County Regional Parks Dept., County of"
"41.1","2017","2017-TUBBS",0.2,"low","SW","Open Access","Shiloh Ranch Regional Park","Sonoma County Regional Parks Dept., County of"
"17.2","2008","2008-MARTIN",0.7,"low","NE","Open Access","Bonny Doon Ecological Reserve","California Department of Fish and Wildlife"
"45.21","2020","2020-CZU_LIGHTNING_COMPLEX",13.7,"low","NE","Open Access","Bonny Doon Ecological Reserve","California Department of Fish and Wildlife"
"46.24","2020","2020-CZU_LIGHTNING_COMPLEX",0.4,"high","NE","Open Access","Bonny Doon Ecological Reserve","California Department of Fish and Wildlife"
"17.1.1","2008","2008-MARTIN",0.1,"low","SW","Open Access","Bonny Doon Ecological Reserve","California Department of Fish and Wildlife"
"18","2008","2008-MARTIN",0,"high","SW","Open Access","Bonny Doon Ecological Reserve","California Department of Fish and Wildlife"
"45.1.19","2020","2020-CZU_LIGHTNING_COMPLEX",10.7,"low","SW","Open Access","Bonny Doon Ecological Reserve","California Department of Fish and Wildlife"
"46.1.24","2020","2020-CZU_LIGHTNING_COMPLEX",0.6,"high","SW","Open Access","Bonny Doon Ecological Reserve","California Department of Fish and Wildlife"
"45.22","2020","2020-CZU_LIGHTNING_COMPLEX",7.2,"low","NE","No Public Access","Filice Ranch","Peninsula Open Space Trust"
"46.25","2020","2020-CZU_LIGHTNING_COMPLEX",7.1,"high","NE","No Public Access","Filice Ranch","Peninsula Open Space Trust"
"45.1.20","2020","2020-CZU_LIGHTNING_COMPLEX",13.4,"low","SW","No Public Access","Filice Ranch","Peninsula Open Space Trust"
"46.1.25","2020","2020-CZU_LIGHTNING_COMPLEX",15,"high","SW","No Public Access","Filice Ranch","Peninsula Open Space Trust"
"45.23","2020","2020-CZU_LIGHTNING_COMPLEX",2.7,"low","NE","Restricted Access","Bigler","Sempervirens Fund"
"46.26","2020","2020-CZU_LIGHTNING_COMPLEX",32.6,"high","NE","Restricted Access","Bigler","Sempervirens Fund"
"45.1.21","2020","2020-CZU_LIGHTNING_COMPLEX",0.7,"low","SW","Restricted Access","Bigler","Sempervirens Fund"
"46.1.26","2020","2020-CZU_LIGHTNING_COMPLEX",1.5,"high","SW","Restricted Access","Bigler","Sempervirens Fund"
"39.4","2017","2017-NUNS",9.9,"low","NE","Open Access","Trione-Annadel State Park","California Department of Parks and Recreation"
"40.3","2017","2017-NUNS",1.5,"high","NE","Open Access","Trione-Annadel State Park","California Department of Parks and Recreation"
"39.1.1","2017","2017-NUNS",1.4,"low","SW","Open Access","Trione-Annadel State Park","California Department of Parks and Recreation"
"40.1.1","2017","2017-NUNS",0.3,"high","SW","Open Access","Trione-Annadel State Park","California Department of Parks and Recreation"
"45.24","2020","2020-CZU_LIGHTNING_COMPLEX",17.8,"low","NE","Restricted Access","California Coastal National Monument","United States Bureau of Land Management"
"46.27","2020","2020-CZU_LIGHTNING_COMPLEX",0.5,"high","NE","Restricted Access","California Coastal National Monument","United States Bureau of Land Management"
"45.1.22","2020","2020-CZU_LIGHTNING_COMPLEX",8.5,"low","SW","Restricted Access","California Coastal National Monument","United States Bureau of Land Management"
"46.1.27","2020","2020-CZU_LIGHTNING_COMPLEX",0.9,"high","SW","Restricted Access","California Coastal National Monument","United States Bureau of Land Management"
"41.2","2017","2017-TUBBS",1.9,"low","NE","Restricted Access","Mark West Creek Regional Park & Open Space Preserve","Sonoma County Regional Parks Dept., County of"
"42","2017","2017-TUBBS",4.9,"high","NE","Restricted Access","Mark West Creek Regional Park & Open Space Preserve","Sonoma County Regional Parks Dept., County of"
"41.1.1","2017","2017-TUBBS",0.4,"low","SW","Restricted Access","Mark West Creek Regional Park & Open Space Preserve","Sonoma County Regional Parks Dept., County of"
"42.1","2017","2017-TUBBS",2.7,"high","SW","Restricted Access","Mark West Creek Regional Park & Open Space Preserve","Sonoma County Regional Parks Dept., County of"
"33.3","2014","2014-LODGE",13.1,"low","NE","No Public Access","Usal Redwood Forest","Redwood Forest Foundation"
"34.2","2014","2014-LODGE",0,"high","NE","No Public Access","Usal Redwood Forest","Redwood Forest Foundation"
"33.1.2","2014","2014-LODGE",12.9,"low","SW","No Public Access","Usal Redwood Forest","Redwood Forest Foundation"
"45.25","2020","2020-CZU_LIGHTNING_COMPLEX",0.2,"low","NE","Restricted Access","Gazos Creek Redwoods","Sempervirens Fund"
"46.28","2020","2020-CZU_LIGHTNING_COMPLEX",0.2,"high","NE","Restricted Access","Gazos Creek Redwoods","Sempervirens Fund"
"45.1.23","2020","2020-CZU_LIGHTNING_COMPLEX",0.4,"low","SW","Restricted Access","Gazos Creek Redwoods","Sempervirens Fund"
"46.1.28","2020","2020-CZU_LIGHTNING_COMPLEX",0.3,"high","SW","Restricted Access","Gazos Creek Redwoods","Sempervirens Fund"
