Year_Burned,cty_grp,access,Owner,und_chg,low,moderate,high,plots,,,,,,,
2003,Humboldt/Curry,Open Access,Humboldt Redwoods State Park,4879.1,3598.4,543.8,250.2,60,,,year,sevs,region,plots per combo,plots/year
2008,Mendocino,easement,Usal Forest Conservation Easement,1.4,1.7,0,0,,,,2003,4,north/humboldt,15,60
2008,Mendocino,likely easement,Navarro River aka Louisiana Pacific CE,0.2,0,0,0,,,,2008,4,mendo,15,60
2008,Mendocino,No Public Access,Big River Salmon Creek,204.8,331.4,105.4,21,,,,2017,4,sonoma/napa,8,32
2008,Mendocino,No Public Access,Usal Redwood Forest,4.2,5.2,0,0,,,,2017,4,north/Oregon,8,32
2008,Mendocino,Open Access,BLM,38.3,45.1,19.9,7.9,,,,2020,4,sonoma/napa,8,32
2008,Mendocino,Open Access,Jackson Demonstration State Forest,835.7,484.4,67.5,41.6,,,,2020,4,southern counties,8,32
2008,Mendocino,Open Access,Montgomery Woods State Natural Reserve,56.2,94.1,31.6,25.7,,,,,,,,248
2008,Mendocino,Open Access,Navarro River Redwoods State Park,10.3,3.9,0,0,,,,,,,,
2008,southern counties,Open Access,"Unnamed site - Watsonville, City of",11.2,4.8,2.8,0,,,,,,,,
2009,southern counties,easement,San Vicente Redwoods (Cemex) Forest Conservation Easement,365,146.3,43,50.2,reburns?,,,,,4 months,,
2009,southern counties,No Public Access,Filice Ranch,102.7,25.6,0.9,0.5,reburns?,,,,,minus 1 hitch for training and wrap up,,
2009,southern counties,No Public Access,San Vicente Redwoods (CEMEX),1094.9,438.8,128.9,150.7,reburns?,,,,,7 data collection hitches,,
2009,southern counties,No Public Access,Swanton Pacific Ranch,643.9,311.4,88,46.8,reburns?,,,,,42 work days minus travel,,
2009,southern counties,Open Access,Big Basin Redwoods State Park,11.2,34.4,42.9,34.3,reburns?,,,,,3 plots per day,,
2009,southern counties,Open Access,Cotoni-Coast Dairies,99.7,17.1,2.4,0,reburns?,,,,,126,,
2017,Humboldt/Curry,Open Access,Rogue River-Siskiyou National Forest,280,232.2,107.7,137.3,,,,,,2 crews,,
2017,Sonoma/Napa,easement,Long Meadow Ranch upper,0.4,5.5,5.7,0.6,,,,,,252,,
2017,Sonoma/Napa,likely easement,Atwater,0.1,1,0.6,0,,,,,,,,
2017,Sonoma/Napa,likely easement,Coppola,4.1,30,5.3,0.4,,,,,,,,
2017,Sonoma/Napa,likely easement,Hood Mountain Regional Park & Open Space Preserve,5,9.7,0.5,0.1,,,,,,,,
2017,Sonoma/Napa,likely easement,Mark West Creek Regional Park & Open Space Preserve,2.7,8.7,23.2,20.4,,,,,,,,
2017,Sonoma/Napa,likely easement,Mertes (Quietwater),0,0.5,0.4,0.3,,,,,,,,
2017,Sonoma/Napa,Open Access,BLM,0,1.9,1.4,0,,,,,,,,
2017,Sonoma/Napa,Open Access,Hood Mountain Regional Park and Open Space Preserve,15.1,29,1.6,0.3,,,,,,,,
2017,Sonoma/Napa,Open Access,Shiloh Ranch Regional Park,2.2,13.5,3.6,0,,,,,,,,
2017,Sonoma/Napa,Open Access,Sugarloaf Ridge State Park,5.3,5.1,8.4,6.5,,,,,,,,
2017,Sonoma/Napa,Open Access,Trione-Annadel State Park,21.3,55.9,31.1,20,,,,,,,,
2017,Sonoma/Napa,Restricted Access,Archer Taylor Preserve,85.8,82,29.4,13.1,,,,,,,,
2017,Sonoma/Napa,Restricted Access,Mark West Creek Regional Park & Open Space Preserve,8.1,26.2,69.5,61.3,,,,,,,,
2017,Sonoma/Napa,Restricted Access,Mayacamas Preserve,53.8,33,8.6,0.5,,,,,,,,
2017,Sonoma/Napa,Restricted Access,Pepperwood Ranch Natural Preserve,21.6,43.9,24.4,3.2,,,,,,,,
2017,Sonoma/Napa,Restricted Access,Turkovich,0,2.4,2.4,15.2,,,,,,,,
2020,Sonoma/Napa,easement,Iron Mine Stream,0,0.7,6.7,3.2,,,,,,,,
2020,Sonoma/Napa,easement,Long Meadow Ranch upper,0.4,0,0,0,,,,,,,,
2020,Sonoma/Napa,easement,Peterson/French,0,0.1,0.5,0,,,,,,,,
2020,Sonoma/Napa,easement,Pryor Ranch,0,0,0.2,2.9,,,,,,,,
2020,Sonoma/Napa,easement,Ranchero Mark West,0.5,7.5,7.4,5.2,,,,,,,,
2020,Sonoma/Napa,easement,Rock Fall Woods,0,0.2,3.5,9.5,,,,,,,,
2020,Sonoma/Napa,easement,Spring Mountain,0,0,0,0,,,,,,,,
2020,Sonoma/Napa,easement,Thelma Doelger Wildlife Preserve and Sanctuary,0.3,5.3,4.5,3,,,,,,,,
2020,Sonoma/Napa,likely easement,Cooks Flat / Ritchie Creek,0,1.3,1.2,0.1,,,,,,,,
2020,Sonoma/Napa,likely easement,Gray Creek - Gustafsson,0.1,1.8,0.8,0.1,,,,,,,,
2020,Sonoma/Napa,likely easement,Gray Creek - Magers,0.7,2.5,0.2,0,,,,,,,,
2020,Sonoma/Napa,likely easement,Hood Mountain Regional Park & Open Space Preserve,7.1,8.1,0.1,0,,,,,,,,
2020,Sonoma/Napa,likely easement,McCormick Ranch,0,0.1,4.9,3.9,,,,,,,,
2020,Sonoma/Napa,likely easement,Peterson/French,0,0,0.9,0.8,,,,,,,,
2020,Sonoma/Napa,likely easement,Riddell Preserve,2.3,5.4,0.1,0,,,,,,,,
2020,Sonoma/Napa,likely easement,Ritchie Creek,0,1.3,1.2,0.1,,,,,,,,
2020,Sonoma/Napa,likely easement,Santa Rosa Creek Headwaters,0,0,0.3,3.9,,,,,,,,
2020,Sonoma/Napa,No Public Access,Ayers,2.6,0.5,0,0,,,,,,,,
2020,Sonoma/Napa,No Public Access,Cooks Flat,0,1.6,1.7,0,,,,,,,,
2020,Sonoma/Napa,No Public Access,Sonoma Coast Redwoods,34.5,173.7,81.4,238.4,,,,,,,,
2020,Sonoma/Napa,Open Access,Armstrong Redwoods State Natural Reserve,183,128.4,9.8,0,,,,,,,,
2020,Sonoma/Napa,Open Access,Austin Creek State Recreation Area,23.8,68.4,65.2,29.7,,,,,,,,
2020,Sonoma/Napa,Open Access,BLM,8.4,6.7,0.5,0,,,,,,,,
2020,Sonoma/Napa,Open Access,Bothe-Napa Valley State Park,20,235.8,97.8,74.2,,,,,,,,
2020,Sonoma/Napa,Open Access,Fort Ross State Historic Park,26.1,139.1,13.1,3,,,,,,,,
2020,Sonoma/Napa,Open Access,Hood Mountain Regional Park and Open Space Preserve,21.3,24.4,0.3,0,,,,,,,,
2020,Sonoma/Napa,Open Access,Lake Sonoma Recreation Area,1.9,1.1,0,0,,,,,,,,
2020,Sonoma/Napa,Open Access,Sugarloaf Ridge State Park,0,0.3,14.9,11.7,,,,,,,,
2020,Sonoma/Napa,Open Access,Trione-Annadel State Park,1,5.4,0,0,,,,,,,,
2020,Sonoma/Napa,Open Access,York Creek-Spring Mountain Rd,0.7,3.8,9.7,0.8,,,,,,,,
2020,Sonoma/Napa,Restricted Access,McCormick Ranch,0,0,0,0.3,,,,,,,,
2020,Sonoma/Napa,Restricted Access,Riddell Preserve,6.8,16.8,0.4,0,,,,,,,,
2020,Sonoma/Napa,Restricted Access,Saddle Mountain Open Space Preserve,0,0,0,0,,,,,,,,
2020,southern counties,easement,Butano Creek - Sinnott Conservation Easement,9.2,35.3,12.8,3.4,,,,,,,,
2020,southern counties,easement,Camp Hammer,0,3.2,11.2,2.1,,,,,,,,
2020,southern counties,easement,County of Santa Cruz Easement,11.1,31.5,4.8,0.4,,,,,,,,
2020,southern counties,easement,Malosky,3.5,10.6,11.6,1.1,,,,,,,,
2020,southern counties,easement,Michelson,3.7,6.6,0,0,,,,,,,,
2020,southern counties,easement,Redwood Meadows Ranch,0,0,0,0,,,,,,,,
2020,southern counties,easement,San Vicente Redwoods (Cemex) Forest Conservation Easement,106.8,867.7,774.9,994,,,,,,,,
2020,southern counties,easement,Skylark Ranch,0.8,2.1,1,0,,,,,,,,
2020,southern counties,likely easement,Butano Creek,0.6,1.4,0,0,,,,,,,,
2020,southern counties,likely easement,Butano Falls,1.8,5.4,0,0,,,,,,,,
2020,southern counties,likely easement,Camp Hammer,0.1,4,10.5,9.2,,,,,,,,
2020,southern counties,likely easement,County of Santa Cruz Easement,5.6,11.7,16.8,19.6,,,,,,,,
2020,southern counties,likely easement,Holmes,2.2,44.5,31.5,4.7,,,,,,,,
2020,southern counties,likely easement,Malosky,0.9,32.5,13.1,1.3,,,,,,,,
2020,southern counties,likely easement,Redwood Meadows Ranch,3.5,5.8,0,0,,,,,,,,
2020,southern counties,likely easement,Skylark Ranch,1,22.1,20.2,30.5,,,,,,,,
2020,southern counties,No Public Access,Big Basin Cemex,64,203.5,73.6,11.3,,,,,,,,
2020,southern counties,No Public Access,Carlsen Property,3.2,65.2,27.7,15.6,,,,,,,,
2020,southern counties,No Public Access,Cascade Creek,4.1,67.3,124.2,265.6,,,,,,,,
2020,southern counties,No Public Access,Filice Ranch,10.7,148.5,141.1,67.8,,,,,,,,
2020,southern counties,No Public Access,San Vicente Redwoods (CEMEX),256.6,2399.9,2251.7,2971.7,,,,,,,,
2020,southern counties,No Public Access,Swanton Pacific Ranch,126,577,805.3,288.5,,,,,,,,
2020,southern counties,Open Access,Año Nuevo State Park,68.3,225.5,232.1,364.3,,,,,,,,
2020,southern counties,Open Access,Big Basin Redwoods State Park,54.9,1765.6,3896.5,11674.5,,,,,,,,
2020,southern counties,Open Access,BLM,5.4,20.6,9.7,6.5,,,,,,,,
2020,southern counties,Open Access,Bonny Doon Ecological Reserve,45.5,107.6,55.8,21,,,,,,,,
2020,southern counties,Open Access,Butano State Park,535,2170.3,825.4,619.2,,,,,,,,
2020,southern counties,Open Access,Cotoni-Coast Dairies,110.1,263.4,41.8,4.6,,,,,,,,
2020,southern counties,Open Access,Henry Cowell Redwoods State Park,253.4,1287.6,475,180.7,,,,,,,,
2020,southern counties,Open Access,Pescadero Creek Park,820.5,1541.3,686.6,276.1,,,,,,,,
2020,southern counties,Open Access,Portola Redwoods State Park,2.2,0,0,0,,,,,,,,
2020,southern counties,Open Access,Rose,0.2,0.5,5.2,10.1,,,,,,,,
2020,southern counties,Open Access,Wilder Ranch State Park,42.8,269.9,121.2,30.5,,,,,,,,
2020,southern counties,Restricted Access,Bigler,0,15.6,57,82.2,,,,,,,,
2020,southern counties,Restricted Access,Butano Crest West,0.3,22.9,47.8,96.4,,,,,,,,
2020,southern counties,Restricted Access,City Open Space,37.6,126.3,39.7,7.5,,,,,,,,
2020,southern counties,Restricted Access,Cobb/Mahoney,0,0,0.8,11.8,,,,,,,,
2020,southern counties,Restricted Access,Fall Creek,9.5,38.2,0,0,,,,,,,,
2020,southern counties,Restricted Access,Gazos Creek Redwoods,0,3.8,1.5,3.9,,,,,,,,
2020,southern counties,Restricted Access,Griffith,0,0,1.4,6.9,,,,,,,,
2020,southern counties,Restricted Access,Katz,0,0,3.6,42.4,,,,,,,,
2020,southern counties,Restricted Access,Krvavica,0,5.5,11.5,12.3,,,,,,,,
2020,southern counties,Restricted Access,Lachenbruch,0.4,5.1,15.1,64.9,,,,,,,,
2020,southern counties,Restricted Access,Minton,3.2,61.6,29.9,38.2,,,,,,,,
2020,southern counties,Restricted Access,San Lorenzo Valley Water District,159.9,898.6,488.4,229.7,,,,,,,,
2020,southern counties,Restricted Access,Santos,0,1.2,2.9,9,,,,,,,,
2020,southern counties,Restricted Access,Sinnott,26.7,104,37.7,10.3,,,,,,,,
2020,southern counties,Restricted Access,Welden,0,0,1.4,5.3,,,,,,,,
,,,,,,,,,,,,,,,
2008,Monterey,easement,Big Sur Land Trust Conservation Easement,70,39.2,9.1,0.4,,,,,,,,
2008,Monterey,easement,Conservation Easement,0.1,0.3,1.1,0.5,,,,,,,,
2008,Monterey,No Public Access,Adler Ranch,83.4,110.1,69.8,12.5,,,,,,,,
2008,Monterey,No Public Access,Hodson,0.9,0.6,0,0,,,,,,,,
2008,Monterey,No Public Access,Norman,0.3,0.8,3.3,1.7,,,,,,,,
2008,Monterey,Open Access,Andrew Molera State Park,537.7,358.9,105.8,3.5,,,,,,,,
2008,Monterey,Open Access,Julia Pfeiffer Burns State Park,351.3,297.1,125.4,17.1,,,,,,,,
2008,Monterey,Open Access,Limekiln State Park,90.6,270.7,77.6,4.8,,,,,,,,
2008,Monterey,Open Access,Los Padres National Forest,4072.4,4636.8,2121.6,452.8,,,,,,,,
2008,Monterey,Open Access,Pfeiffer Big Sur State Park,289.1,175.4,87.1,5.4,,,,,,,,
2008,Monterey,Open Access,Rancho Calera,1.9,19,15.5,3.4,,,,,,,,
2008,Monterey,Open Access,Veren Park,0.2,0,0,0,,,,,,,,
2008,Monterey,Restricted Access,Gelbart,1.1,4,1.9,0.4,,,,,,,,
2008,Monterey,Restricted Access,Landels-Hill Big Creek Reserve,60.6,30.6,7.8,1.3,,,,,,,,
2008,Monterey,Restricted Access,Owings,2,0,0,0,,,,,,,,
2020,Monterey,easement,Big Sur Land Trust Conservation Easement,3.4,26.8,62.5,13.9,,,,,,,,
2020,Monterey,easement,Conservation Easement,0.3,0.2,0.8,0.3,,,,,,,,
2020,Monterey,No Public Access,Big Creek Reserve,0.7,21.2,4.3,2.4,,,,,,,,
2020,Monterey,No Public Access,Norman,0.8,0.5,2.6,1,,,,,,,,
2020,Monterey,Open Access,Julia Pfeiffer Burns State Park,19.2,251.2,200.8,26.7,,,,,,,,
2020,Monterey,Open Access,Limekiln State Park,126.8,265.3,49.4,0.5,,,,,,,,
2020,Monterey,Open Access,Los Padres National Forest,621.9,2337,1627.2,370.1,,,,,,,,
2020,Monterey,Open Access,Veren Park,0,0.1,0.2,0,,,,,,,,
2020,Monterey,Restricted Access,Landels-Hill Big Creek Reserve,20,229.5,752.9,474.9,,,,,,,,
