,YEAR_,FIRE_NAME,fireyr,und_chg,low,moderate,high,total_ha,aet_class,mn.aet,mdn.aet,sd.aet,min.aet,max.aet,area_ha
1,2003,CANOE,2003-CANOE,157.2,464.9,132.1,73.5,827.7,~mean aet,683.1,688.1,63.9,189.3,778.6,827.7
2,2003,MOUSE TWO,2003-MOUSE TWO,20.7,23.7,31.4,23.9,99.7,~mean aet,670.9,728.4,143.9,279.8,789.9,99.7
3,2003,TUK,2003-TUK,5.4,46.5,36,5.1,93,~mean aet,631.5,648.5,57,458,685.4,93
4,2005,FISHER,2005-FISHER,9.6,16.3,11.6,2.5,40,~mean aet,706,723.5,28.3,654.4,728.3,40
5,2008,CLIFF RIDGE,2008-CLIFF RIDGE,577.2,705.4,174.1,30.6,1487.3,~mean aet,654.5,662.1,77.8,263.2,743.8,1487.3
6,2008,COWSHED LIGHTNING,2008-COWSHED LIGHTNING,579.7,825.4,209.3,20,1634.4,~mean aet,699.1,714.5,67.6,258.8,795.4,1634.4
8,2008,HARDY CREEK LIGHTNING,2008-HARDY CREEK LIGHTNING,767.5,860.2,254.3,50.1,1932.1,~mean aet,700.4,722.7,84.2,264.1,758.4,1932.1
14,2008,LOW GAP,2008-LOW GAP,76.3,232.2,77.2,8,393.7,~mean aet,706.5,730.2,50.7,585.2,827.6,393.7
16,2008,MIDDLE,2008-MIDDLE,227.2,397.5,134,10.6,769.3,~mean aet,698.8,719.2,86.5,268.8,756.5,769.3
18,2008,ORR SERIES,2008-ORR SERIES,302.7,312.6,56.4,7.6,679.3,~mean aet,686.3,725.7,94.3,365.6,828.3,679.3
19,2008,OSO,2008-OSO,25.5,42.7,19.6,1.2,89,~mean aet,708.1,739.6,84.4,446.7,750.9,89
20,2008,SUGARLOAF,2008-SUGARLOAF,655.4,1186.8,325.9,103.8,2272,~mean aet,646.4,651.6,77.3,236.1,785.2,2272
24,2009,LOMA,2009-LOMA,25.9,12.3,24.8,4.5,67.3,~mean aet,647.6,684,151.9,425.8,852.7,66
28,2014,LODGE,2014-LODGE,37.8,213.3,24.9,1.8,277.8,~mean aet,662.9,685.9,79.1,197.4,787.9,277.8
32,2017,CHETCO BAR,2017-CHETCO BAR,236.3,207.7,111.3,147,702.4,~mean aet,660.6,707,146.9,196.4,742,701.2
37,2020,GLASS,2020-GLASS,15.7,124.2,162.3,326,628.3,~mean aet,632.2,691.7,167.4,187.7,837.8,628.3
38,2020,MEYERS,2020-MEYERS,10.1,52.2,48.7,110.2,221.2,~mean aet,679.9,721.3,94.8,548.2,851.1,221.2
39,2020,WALBRIDGE,2020-WALBRIDGE,249.2,635.4,279.5,278.3,1442.5,~mean aet,638,634.8,100.2,324.3,855.6,1442.5
40,2021,ESTRADA,2021-ESTRADA,3.4,23.4,16.2,1,43.9,~mean aet,632.2,643.6,59.7,480.4,712.2,43.9
7,2008,GALLERY,2008-GALLERY,54.4,374.2,243.2,56.1,727.9,very dry,424.9,422.2,114.8,216.9,801.2,718.7
15,2008,MARTIN,2008-MARTIN,4.9,24.4,16.2,17.6,63.1,very dry,560.8,501.5,156.8,182.5,824.4,58.5
21,2008,SUMMIT,2008-SUMMIT,170.7,296.9,169,155.4,792,very dry,567.4,571.6,104.7,319.1,764.8,790.7
25,2009,WILSON BRANCH 2,2009-WILSON BRANCH 2,8.8,43.2,10.4,1,63.4,very dry,574,650.3,103.7,440.5,672.1,63.4
27,2013,PFEIFFER,2013-PFEIFFER,1.4,48.3,30.5,9.5,89.6,very dry,416.8,427.5,83.3,284,587.2,89.6
29,2016,LOMA,2016-LOMA,1.5,11.9,21.5,21.7,56.6,very dry,522.6,567.6,101.2,413.9,751.9,56.6
30,2016,SOBERANES,2016-SOBERANES,239.7,700.6,404.2,165.5,1510,very dry,422.3,408.7,91.3,230.7,801.2,1502.8
31,2017,BEAR,2017-BEAR,13.1,67.9,42.4,2.8,126.1,very dry,538.5,544.2,42,412.4,614.5,126.1
33,2017,NUNS,2017-NUNS,125.3,324.6,99.3,58.1,607.4,very dry,621.6,677.2,147.5,269.3,848.7,607.4
34,2017,TUBBS,2017-TUBBS,8.1,38.8,69.5,73.6,190.1,very dry,602.8,585,161.3,0,860.5,188.8
35,2019,KINCADE,2019-KINCADE,16.2,23.7,9.7,5.4,54.9,very dry,558.2,659.7,191.5,0,826.7,54.9
36,2020,CZU LIGHTNING COMPLEX,2020-CZU LIGHTNING COMPLEX,1200,7130,4536.7,9091.2,21957.9,very dry,588.4,595.9,103.7,73.5,847.6,21819.3
41,2023,LOST,2023-LOST,98.2,162.4,27.9,3.4,291.9,very dry,623.7,623.4,8.4,606.4,652.5,291.9
9,2008,HORSE,2008-HORSE,36.2,133.8,52.8,8,230.9,very wet,728,738.3,39.8,537.8,750.7,230.9
10,2008,INDIAN,2008-INDIAN,639.6,179.4,18.6,8.2,845.8,very wet,743,741.7,13.5,714.3,774.4,845.8
11,2008,JACKS,2008-JACKS,31.5,102.6,5.6,0.6,140.4,very wet,754,745.3,59.1,632.1,840.4,140.4
12,2008,LITTLE JUAN CREEK MRC,2008-LITTLE JUAN CREEK MRC,49.5,73.8,9,0,132.2,very wet,723.9,728.5,17.4,688.2,752.8,132.2
13,2008,LOST PIPE,2008-LOST PIPE,105.7,50.5,23.1,15,194.3,very wet,723.5,718.1,44.9,566.4,802.5,194.3
17,2008,NAVARRO,2008-NAVARRO,97.1,409.4,163.8,18.1,688.3,very wet,727.4,742.6,42.2,555.4,799.2,688.3
22,2008,TABLE MTN,2008-TABLE MTN,10,28.2,17,3.4,58.6,very wet,728.5,727.4,15,706.9,770.7,58.6
23,2008,WILLIAMS,2008-WILLIAMS,19.9,90.5,19.1,3.1,132.7,very wet,725.7,733,49.4,564,835.9,132.7
26,2012,FLYNN,2012-FLYNN,2.5,13.5,21.1,20,57.1,very wet,718.8,747.2,81.2,525,799.9,57.1
